text,x,y,layer,entity_type,source
49.145,-16003531.25915613,3256171.102302337,블록계획고점,BLOCK_TEXT,virtual_block
39.69,-15983072.122147255,3256538.5463351924,블록계획고점,BLOCK_TEXT,virtual_block
엄지말뚝을 H형강으로 적용 할 경우 KS F 4603에 적합한 제품을 사용하여야 한다.,-15727258.853438834,3256737.9707557755,Text,BLOCK_TEXT,virtual_block
남양주왕숙 A-6BL [2025.11. 셀파이엔씨(주) 시행],-16034393.954612609,3257144.6416145973,범례,BLOCK_TEXT,virtual_block
지하1층,-15681508.694208119,3257313.9673066996,Defpoint,BLOCK_TEXT,virtual_block
지하2층,-15681508.694208117,3257313.9673067005,Defpoint,BLOCK_TEXT,virtual_block
아파트,-15680819.020295076,3257313.967306701,Defpoint,BLOCK_TEXT,virtual_block
지하1층,-15681508.694208298,3257313.967306837,Defpoint,BLOCK_TEXT,virtual_block
지하2층,-15681508.694208298,3257313.967306838,Defpoint,BLOCK_TEXT,virtual_block
잡석콘크리트지정,-15973448.58340372,3257709.152138188,범례,BLOCK_TEXT,virtual_block
45.617,-15996949.243852518,3258096.0612195972,블록계획고점,BLOCK_TEXT,virtual_block
"엄지말뚝, 버팀대 및 띠장등에 사용되는 강재는 국가건설기준에서 정하는 품질수준에 적합하여야 하며,",-15727258.164280385,3258819.781399835,Text,BLOCK_TEXT,virtual_block
굴착계획 평면도,-15661785.58415685,3260037.696089413,TEXT-ER,TEXT,modelspace
※ 주 기 ※,-15707991.133371135,3260377.0457534874,Text,BLOCK_TEXT,virtual_block
40.617,-15987351.286373042,3260903.0546684507,블록계획고점,BLOCK_TEXT,virtual_block
40.569,-15912459.390233897,3261967.975193644,블록계획고점,BLOCK_TEXT,virtual_block
+49.90,-16029977.679271363,3262139.9992205193,LEVEL,BLOCK_TEXT,virtual_block
잡 석 지 정,-15969732.563304422,3262400.2760187783,범례,BLOCK_TEXT,virtual_block
": 탄성파시험공 (3공, H-11, 18, 30)",-16026699.422007076,3262572.068337787,범례,BLOCK_TEXT,virtual_block
토 류 판,-15724893.567128737,3264223.848563816,Text,BLOCK_TEXT,virtual_block
목 재,-15710972.290876463,3264223.848563816,Text,BLOCK_TEXT,virtual_block
T = 100mm,-15695420.876344105,3264223.848563816,Text,BLOCK_TEXT,virtual_block
도면명,-15668864.388504863,3265162.696089402,FTEXT,BLOCK_TEXT,virtual_block
SUBJECT TITLE,-15654864.38850487,3265162.696089402,FTEXT,BLOCK_TEXT,virtual_block
21M 도로,-15909271.807596609,3266582.6150730457,_CT_택지현황,BLOCK_TEXT,virtual_block
연립주택,-15954578.220171336,3267039.5405040104,_CT_택지현황,BLOCK_TEXT,virtual_block
지내력기초,-15969662.182869598,3267091.399898892,범례,BLOCK_TEXT,virtual_block
H-1~36,-16001689.05098987,3267263.194200921,범례,BLOCK_TEXT,virtual_block
본조사,-16030476.207109125,3267340.277946764,범례,BLOCK_TEXT,virtual_block
36공,-16017057.90063904,3267340.277946764,범례,BLOCK_TEXT,virtual_block
보 걸 이,-15724893.567130586,3267751.3869256494,Text,BLOCK_TEXT,virtual_block
ㄱ 형 강,-15711230.443052225,3267751.3869256494,Text,BLOCK_TEXT,virtual_block
ㄱ-100X100X7,-15696393.19292204,3267751.3869256494,Text,BLOCK_TEXT,virtual_block
SS275,-15678652.834999373,3267751.3869256494,Text,BLOCK_TEXT,virtual_block
605,-15652777.02152631,3269399.575905489,TEXT-ER,TEXT,modelspace
C,-15657010.960656637,3269411.426371028,Text,BLOCK_TEXT,virtual_block
-,-15654542.377635304,3269537.6960894,Text,BLOCK_TEXT,virtual_block
띠 장,-15724941.121479327,3271278.9252874595,Text,BLOCK_TEXT,virtual_block
H 형 강,-15710990.972944444,3271278.9252874595,Text,BLOCK_TEXT,virtual_block
SS275,-15678652.835000288,3271278.9252874595,Text,BLOCK_TEXT,virtual_block
H-300X300X10X15,-15697690.239138465,3271286.2404622906,Text,BLOCK_TEXT,virtual_block
말 뚝 기 초,-15969732.563304385,3271782.5237797215,범례,BLOCK_TEXT,virtual_block
구 분,-16031756.2162745,3272142.4535569674,범례,BLOCK_TEXT,virtual_block
비 고,-15999191.506783873,3272167.7729941253,범례,BLOCK_TEXT,virtual_block
홀 수,-16018104.780704865,3272267.2149802777,범례,BLOCK_TEXT,virtual_block
도면번호,-15668864.388504863,3272662.696089398,FTEXT,BLOCK_TEXT,virtual_block
SHEET NO.,-15654864.38850487,3272662.696089398,FTEXT,BLOCK_TEXT,virtual_block
39.62,-15923897.045085274,3273942.770389596,블록계획고점,BLOCK_TEXT,virtual_block
스 트 러 트,-15724846.012783675,3274806.463649293,Text,BLOCK_TEXT,virtual_block
H 형 강,-15710990.972944444,3274806.463649293,Text,BLOCK_TEXT,virtual_block
SS275,-15678652.835000288,3274806.463649293,Text,BLOCK_TEXT,virtual_block
H-300X300X10X15,-15697690.239138465,3274813.7788241236,Text,BLOCK_TEXT,virtual_block
+49.70,-16011434.813442046,3276846.377277295,LEVEL,BLOCK_TEXT,virtual_block
범 례,-15972832.08365773,3277240.6909122495,범례,BLOCK_TEXT,virtual_block
범 례,-16032717.120467305,3277242.099480337,범례,BLOCK_TEXT,virtual_block
37.52,-15885843.06503164,3277348.747922322,블록계획고점,BLOCK_TEXT,virtual_block
FH:48.57,-15999698.073431328,3277546.5591432895,도로체인계획고,BLOCK_TEXT,virtual_block
엄 지 말 뚝,-15724846.012782756,3278334.0020110924,Text,BLOCK_TEXT,virtual_block
H 형 강,-15710990.972943526,3278334.0020110924,Text,BLOCK_TEXT,virtual_block
SHP275(W),-15680666.252118936,3278334.0020110924,Text,BLOCK_TEXT,virtual_block
H-300X300X10X15,-15697690.23913754,3278341.317185924,Text,BLOCK_TEXT,virtual_block
+40.50,-15951003.789157096,3278966.1969638267,LEVEL,BLOCK_TEXT,virtual_block
H-300x300x10x15,-15990250.094105912,3278984.795192692,-$$TEXT,BLOCK_TEXT,virtual_block
P.C Strand Ø12.7mm,-15952558.550192049,3278984.795192692,-$$TEXT,BLOCK_TEXT,virtual_block
도면화일명,-15668864.388504863,3280162.696089395,FTEXT,BLOCK_TEXT,virtual_block
DWG. FILE NAME,-15654864.38850487,3280162.696089395,FTEXT,BLOCK_TEXT,virtual_block
엄지말뚝@1.5m,-15990588.35597626,3281062.967989409,-$$TEXT,BLOCK_TEXT,virtual_block
제거식 E/ANCHOR,-15953159.395970913,3281062.967989409,-$$TEXT,BLOCK_TEXT,virtual_block
S.G.R (%%C600 @500),-15917830.809773872,3281149.7004061523,-$$TEXT,BLOCK_TEXT,virtual_block
40.617,-15918073.377199076,3281163.8901239876,블록계획고점,BLOCK_TEXT,virtual_block
S-1BL,-15809070.160892062,3281531.8392008487,_CT_택지현황,BLOCK_TEXT,virtual_block
E,-15922174.755046967,3281639.6755750077,계산용단면,BLOCK_TEXT,virtual_block
구 분,-15723718.295391453,3281861.5403728997,Text,BLOCK_TEXT,virtual_block
사 용 자 재,-15713017.12783483,3281861.5403728997,Text,BLOCK_TEXT,virtual_block
규 격 (MM),-15695432.681392975,3281861.5403728997,Text,BLOCK_TEXT,virtual_block
재 질,-15679750.614996493,3281861.5403728997,Text,BLOCK_TEXT,virtual_block
FH(L):40.98,-15980375.190059565,3283021.012388373,블럭체인계획고,BLOCK_TEXT,virtual_block
C.I.P (Ø500 @500),-15990588.35597626,3283097.753910282,-$$TEXT,BLOCK_TEXT,virtual_block
40.957,-15976535.994254015,3284143.8137693647,블록계획고점,BLOCK_TEXT,virtual_block
FH(L):40.96,-15976536.026352007,3284143.884603531,블럭체인계획고,BLOCK_TEXT,virtual_block
B1,-15973304.887458893,3285210.534689735,열넘버-ER,BLOCK_TEXT,virtual_block
B2,-15968204.88745889,3285214.8825158146,열넘버-ER,BLOCK_TEXT,virtual_block
B7,-15940906.765554572,3285227.9259940744,열넘버-ER,BLOCK_TEXT,virtual_block
B4,-15955954.887458893,3285227.9259940763,열넘버-ER,BLOCK_TEXT,virtual_block
B6,-15944954.887458896,3285228.469472335,열넘버-ER,BLOCK_TEXT,virtual_block
B8,-15934054.887459911,3285228.469472335,열넘버-ER,BLOCK_TEXT,virtual_block
B9,-15929654.887460414,3285228.469472335,열넘버-ER,BLOCK_TEXT,virtual_block
B3,-15961454.8874589,3285228.469472337,열넘버-ER,BLOCK_TEXT,virtual_block
B5,-15950454.887458894,3285241.5129505983,열넘버-ER,BLOCK_TEXT,virtual_block
■ 재료표,-15727963.187808469,3285248.1895276024,-$$범례TEXT,BLOCK_TEXT,virtual_block
40.957,-15977102.36628618,3286061.9510759357,블록계획고점,BLOCK_TEXT,virtual_block
40.957,-15977102.36628618,3286061.9510762934,블록계획고점,BLOCK_TEXT,virtual_block
설계번호,-15668864.388504863,3287662.696089391,FTEXT,BLOCK_TEXT,virtual_block
PROJECT NO.,-15654864.38850487,3287662.696089391,FTEXT,BLOCK_TEXT,virtual_block
40.038,-15977668.73823633,3287980.088104749,블록계획고점,BLOCK_TEXT,virtual_block
X1,-15902796.298263635,3288029.942462202,열넘버-ER,BLOCK_TEXT,virtual_block
연결녹지,-15725390.758624448,3288321.8745523626,_CT_택지현황,BLOCK_TEXT,virtual_block
FH(L):40.84,-15961179.210664652,3288635.018083239,블럭체인계획고,BLOCK_TEXT,virtual_block
40.845,-15961179.210671328,3288635.0181035046,블록계획고점,BLOCK_TEXT,virtual_block
40.038,-15977873.157257937,3288672.395861173,블록계획고점,BLOCK_TEXT,virtual_block
FH(L):41.03,-15980867.030914545,3288711.9362051478,블럭체인계획고,BLOCK_TEXT,virtual_block
X2,-15897038.722207598,3289718.317924909,열넘버-ER,BLOCK_TEXT,virtual_block
40.845,-15961745.582628153,3290553.1551532988,블록계획고점,BLOCK_TEXT,virtual_block
+40.50,-15909659.647805957,3291057.5959905186,LEVEL,BLOCK_TEXT,virtual_block
2025. 11.,-15658386.127635302,3291537.6960893897,Text,BLOCK_TEXT,virtual_block
X3,-15890323.897034679,3291696.2739596055,열넘버-ER,BLOCK_TEXT,virtual_block
D1,-15883426.202348677,3291884.5427779397,계산용단면,BLOCK_TEXT,virtual_block
39.845,-15962311.954579256,3292471.2921824697,블록계획고점,BLOCK_TEXT,virtual_block
X4,-15885044.870626612,3293239.597926536,열넘버-ER,BLOCK_TEXT,virtual_block
FH:40.54,-15901951.212030163,3294235.4391787453,도로체인계획고,BLOCK_TEXT,virtual_block
40.705,-15941983.231276415,3294249.0238000397,블록계획고점,BLOCK_TEXT,virtual_block
FH(L):40.70,-15941983.231276415,3294249.0238051657,블럭체인계획고,BLOCK_TEXT,virtual_block
41.079,-15979530.455153368,3294285.181692863,블록계획고점,BLOCK_TEXT,virtual_block
NO.35,-15900348.353130944,3294704.207085468,도로체인번호,BLOCK_TEXT,virtual_block
X5,-15879769.73908496,3294796.50494188,열넘버-ER,BLOCK_TEXT,virtual_block
일 자,-15668864.388504863,3295162.6960893874,FTEXT,BLOCK_TEXT,virtual_block
DATE,-15654864.38850487,3295162.6960893874,FTEXT,BLOCK_TEXT,virtual_block
X6,-15876670.80250927,3295689.2221370456,열넘버-ER,BLOCK_TEXT,virtual_block
40.705,-15942549.603226565,3296167.1608244423,블록계획고점,BLOCK_TEXT,virtual_block
FH(L):41.10,-15980319.674763137,3296958.001030959,블럭체인계획고,BLOCK_TEXT,virtual_block
X7,-15871391.776091952,3297232.546106675,열넘버-ER,BLOCK_TEXT,virtual_block
39.705,-15943115.975177668,3298085.297853494,블록계획고점,BLOCK_TEXT,virtual_block
1 /,-15650837.235101312,3298162.696089386,FTEXT,BLOCK_TEXT,virtual_block
"1,000",-15647111.33615827,3298186.889312066,TEXT-ER,TEXT,modelspace
A3,-15665375.937417908,3298194.091318723,FTEXT,BLOCK_TEXT,virtual_block
X8,-15864673.355658337,3299197.9639426568,열넘버-ER,BLOCK_TEXT,virtual_block
FH:40.57,-15921739.39515098,3299648.538769428,도로체인계획고,BLOCK_TEXT,virtual_block
FH(L):40.57,-15922787.25190916,3299863.0295920614,블럭체인계획고,BLOCK_TEXT,virtual_block
40.570,-15922787.251931094,3299863.029661441,블록계획고점,BLOCK_TEXT,virtual_block
41.117,-15981187.753046893,3299897.9675245527,블록계획고점,BLOCK_TEXT,virtual_block
NO.0,-15923622.953392588,3300139.566607969,도로체인번호,BLOCK_TEXT,virtual_block
026,-15979104.548462307,3300210.5304932557,$$_PILE,BLOCK_TEXT,virtual_block
001,-15942047.917449212,3300210.5304932557,$$_PILE,BLOCK_TEXT,virtual_block
492,-15937922.647199234,3300210.5304932557,$$_PILE,BLOCK_TEXT,virtual_block
X9,-15860402.264579218,3300447.07602552,열넘버-ER,BLOCK_TEXT,virtual_block
1 /,-15650837.235101312,3301412.6960893846,FTEXT,BLOCK_TEXT,virtual_block
500,-15645518.76424389,3301436.889312066,TEXT-ER,TEXT,modelspace
A1,-15665375.937417908,3301563.1909013833,FTEXT,BLOCK_TEXT,virtual_block
40.570,-15923353.623902224,3301781.1667602304,블록계획고점,BLOCK_TEXT,virtual_block
40.570,-15923353.623902224,3301781.1667603496,블록계획고점,BLOCK_TEXT,virtual_block
+40.57,-15871874.357280709,3302108.1828487613,LEVEL,BLOCK_TEXT,virtual_block
X10,-15853194.136342151,3302553.3092356403,열넘버-ER,BLOCK_TEXT,virtual_block
NO. 22,-15986331.24015417,3303192.421323085,블럭체인계획고,BLOCK_TEXT,virtual_block
FH:43.59,-15985219.143259391,3303531.0353382323,블럭체인계획고,BLOCK_TEXT,virtual_block
39.570,-15923919.995853327,3303699.303789282,블록계획고점,BLOCK_TEXT,virtual_block
축 척,-15668864.388504863,3305162.696089383,FTEXT,BLOCK_TEXT,virtual_block
SCALE,-15654864.38850487,3305162.696089383,FTEXT,BLOCK_TEXT,virtual_block
FH(L):40.68,-15903591.272513293,3305477.0352869276,블럭체인계획고,BLOCK_TEXT,virtual_block
40.684,-15903591.272519968,3305477.035303617,블록계획고점,BLOCK_TEXT,virtual_block
X11,-15836761.60896544,3307344.967152083,열넘버-ER,BLOCK_TEXT,virtual_block
40.684,-15904157.64447584,3307395.1723500732,블록계획고점,BLOCK_TEXT,virtual_block
40.684,-15904157.64447584,3307395.1723500732,블록계획고점,BLOCK_TEXT,virtual_block
NO. 21+16.00,-15983681.699356936,3308344.2381294016,블럭체인계획고,BLOCK_TEXT,virtual_block
주 임 : 이진영 02-881-5622,-15668873.235333577,3309185.193504152,FTEXT,BLOCK_TEXT,virtual_block
39.684,-15904724.016426943,3309313.309379125,블록계획고점,BLOCK_TEXT,virtual_block
X12,-15829886.550515246,3309355.628695333,열넘버-ER,BLOCK_TEXT,virtual_block
+49.80,-16009722.167043814,3310235.755334189,LEVEL,BLOCK_TEXT,virtual_block
S=1:2.0,-15930123.63017392,3310563.088252763,터파기,BLOCK_TEXT,virtual_block
D,-15821915.459779462,3310672.2164646094,계산용단면,BLOCK_TEXT,virtual_block
+40.69,-15842246.214132212,3310773.151802545,LEVEL,BLOCK_TEXT,virtual_block
X13,-15824611.418973627,3310912.5357106593,열넘버-ER,BLOCK_TEXT,virtual_block
EL+35.04m,-15959300.674983962,3311019.6125862454,T-text,BLOCK_TEXT,virtual_block
40.746,-15884395.293125056,3311091.0410003904,블록계획고점,BLOCK_TEXT,virtual_block
FH(L):40.75,-15884395.29312601,3311091.0410089735,블럭체인계획고,BLOCK_TEXT,virtual_block
차 장 : 구명석 02-881-5624,-15668873.235333577,3311685.1935041514,FTEXT,BLOCK_TEXT,virtual_block
EL(+)38.09,-15922164.038255233,3311798.4962087064,터파기,BLOCK_TEXT,virtual_block
X14,-15819328.797286404,3312443.321484284,열넘버-ER,BLOCK_TEXT,virtual_block
40.746,-15884961.665074252,3313009.1780212168,블록계획고점,BLOCK_TEXT,virtual_block
615동,-15956917.56372398,3313580.0904371007,RGB255,BLOCK_TEXT,virtual_block
X15,-15814053.665744873,3314000.2284995844,열넘버-ER,BLOCK_TEXT,virtual_block
이 사 : 진광석 02-881-5550,-15668873.235333577,3314185.1935041505,FTEXT,BLOCK_TEXT,virtual_block
A1,-15993154.357124437,3314510.3600644306,열넘버-ER,BLOCK_TEXT,virtual_block
39.746,-15885528.037024401,3314927.3150502685,블록계획고점,BLOCK_TEXT,virtual_block
20M 도로,-15839494.84456819,3315309.3818375887,_CT_택지현황,BLOCK_TEXT,virtual_block
X16,-15808774.789130326,3315544.0748941046,열넘버-ER,BLOCK_TEXT,virtual_block
S=1:2.0,-15911805.54005993,3315714.574749697,터파기,BLOCK_TEXT,virtual_block
H-29,-15935731.63779859,3315740.068395752,#시추위치_탄성파탐사,BLOCK_TEXT,virtual_block
H-30,-15974273.922814706,3315778.6651711045,#시추위치_탄성파탐사,BLOCK_TEXT,virtual_block
H-1,-15903161.15730991,3316254.7825499005,#시추위치_탄성파탐사,BLOCK_TEXT,virtual_block
X17,-15806074.01799636,3316319.7794338022,열넘버-ER,BLOCK_TEXT,virtual_block
H-300x300x10x15,-15824295.411050748,3316369.882738431,-$$TEXT,BLOCK_TEXT,virtual_block
H-300x200x9x14,-15791021.147700127,3316369.883411594,-$$TEXT,BLOCK_TEXT,virtual_block
H-300x300x10x15,-15807377.670936659,3316369.8933029957,-$$TEXT,BLOCK_TEXT,virtual_block
H-300x200x9x14,-15773411.670297801,3316369.8933029957,-$$TEXT,BLOCK_TEXT,virtual_block
A-1BL,-15693410.88404951,3316647.858032872,_CT_택지현황,BLOCK_TEXT,virtual_block
FH(L):40.81,-15865199.313758753,3316705.0467958692,블럭체인계획고,BLOCK_TEXT,virtual_block
40.807,-15865199.31377878,3316705.046861673,블록계획고점,BLOCK_TEXT,virtual_block
(대표번호 : 031-8069-8602),-15668873.235333577,3317685.1935041486,FTEXT,BLOCK_TEXT,virtual_block
POST PILE,-15790966.388426404,3318243.1083574016,-$$TEXT,BLOCK_TEXT,virtual_block
WALE,-15824355.420272924,3318243.1110871676,-$$TEXT,BLOCK_TEXT,virtual_block
CORNER STRUT,-15807391.323146507,3318243.1144657806,-$$TEXT,BLOCK_TEXT,virtual_block
BEAM,-15773425.32250765,3318243.1144657806,-$$TEXT,BLOCK_TEXT,virtual_block
X18,-15799359.192832584,3318297.7354658176,열넘버-ER,BLOCK_TEXT,virtual_block
S=1:2.0,-15923643.716881415,3318338.045387559,터파기,BLOCK_TEXT,virtual_block
40.807,-15865765.68574991,3318623.183956528,블록계획고점,BLOCK_TEXT,virtual_block
+40.80,-15814367.46022958,3318926.4989706655,LEVEL,BLOCK_TEXT,virtual_block
A2,-15993154.357124437,3319214.707890188,열넘버-ER,BLOCK_TEXT,virtual_block
38.11,-15743568.574221358,3320185.098171247,블록계획고점,BLOCK_TEXT,virtual_block
설계담당자,-15668873.235333577,3320185.193504147,FTEXT,BLOCK_TEXT,virtual_block
X19,-15792640.622596037,3320262.6308769784,열넘버-ER,BLOCK_TEXT,virtual_block
39.807,-15866332.05770006,3320541.3209860567,블록계획고점,BLOCK_TEXT,virtual_block
F,-15787680.432041407,3321001.5992514426,계산용단면,BLOCK_TEXT,virtual_block
40.859,-15852666.307745501,3321140.2653336953,블록계획고점,BLOCK_TEXT,virtual_block
FH(L):40.86,-15848454.308133982,3321602.2471338753,블럭체인계획고,BLOCK_TEXT,virtual_block
FH:40.84,-15805952.68500585,3322310.9164511757,도로체인계획고,BLOCK_TEXT,virtual_block
FH(L):40.87,-15846003.334362887,3322319.0524908546,블럭체인계획고,BLOCK_TEXT,virtual_block
40.867,-15846003.334367655,3322319.052504087,블록계획고점,BLOCK_TEXT,virtual_block
X20,-15784963.455034833,3322512.405031221,열넘버-ER,BLOCK_TEXT,virtual_block
NO.40,-15804349.82610663,3322779.6843578983,도로체인번호,BLOCK_TEXT,virtual_block
40.859,-15853232.680263087,3323058.404286785,블록계획고점,BLOCK_TEXT,virtual_block
+51.50,-16034563.630361078,3323602.1333912034,LEVEL,BLOCK_TEXT,virtual_block
F1,-15775958.567688478,3323694.2575735045,계산용단면,BLOCK_TEXT,virtual_block
정 진 교,-15652945.910244118,3324162.6960893744,FTEXT,BLOCK_TEXT,virtual_block
40.867,-15846569.706323527,3324237.1895507816,블록계획고점,BLOCK_TEXT,virtual_block
X21,-15778787.024878617,3324300.0617964887,열넘버-ER,BLOCK_TEXT,virtual_block
39.859,-15853799.052213237,3324976.541310711,블록계획고점,BLOCK_TEXT,virtual_block
E,-15935169.505242482,3326072.647362517,계산용단면,BLOCK_TEXT,virtual_block
39.867,-15847136.078276537,3326155.326583529,블록계획고점,BLOCK_TEXT,virtual_block
X22,-15772069.653074536,3326269.1366036353,열넘버-ER,BLOCK_TEXT,virtual_block
A3,-15993154.357124437,3326428.2948481194,열넘버-ER,BLOCK_TEXT,virtual_block
+40.90,-15784770.627360031,3327582.3110024747,LEVEL,BLOCK_TEXT,virtual_block
PROFESSIONAL ENG. NAME,-15659364.388504982,3327787.6960893143,FTEXT,BLOCK_TEXT,virtual_block
X23,-15766794.521532753,3327826.043619018,열넘버-ER,BLOCK_TEXT,virtual_block
40.928,-15826807.354973696,3327933.058200741,블록계획고점,BLOCK_TEXT,virtual_block
FH(L):40.93,-15826807.354975604,3327933.0582127813,블럭체인계획고,BLOCK_TEXT,virtual_block
NO. 21,-15973083.536225222,3328951.505551601,블럭체인계획고,BLOCK_TEXT,virtual_block
기술사명,-15659364.388504982,3329287.696089313,FTEXT,BLOCK_TEXT,virtual_block
FH:41.59,-15971971.43932949,3329290.119566748,블럭체인계획고,BLOCK_TEXT,virtual_block
X24,-15761511.899845596,3329356.8293926134,열넘버-ER,BLOCK_TEXT,virtual_block
39.47,-15717218.129066475,3329601.6806079503,블록계획고점,BLOCK_TEXT,virtual_block
40.928,-15827373.726920985,3329851.1952181105,블록계획고점,BLOCK_TEXT,virtual_block
A4,-15993154.357124435,3330427.751369281,열넘버-ER,BLOCK_TEXT,virtual_block
0.8m 치환,-15865266.553978585,3330476.4382425505,Defpoint,BLOCK_TEXT,virtual_block
DESIGN,-15668170.17994514,3330912.69608937,FTEXT,BLOCK_TEXT,virtual_block
X25,-15756236.768303577,3330913.736408065,열넘버-ER,BLOCK_TEXT,virtual_block
G,-15753063.863744503,3330956.8556210417,계산용단면,BLOCK_TEXT,virtual_block
400,-15815614.712532463,3331102.3349983618,$$_PILE,BLOCK_TEXT,virtual_block
EL+33.24m,-15873992.52447276,3331182.179523408,T-text,BLOCK_TEXT,virtual_block
39.928,-15827940.098872088,3331769.3322471622,블록계획고점,BLOCK_TEXT,virtual_block
X26,-15753040.648453627,3331848.465227671,열넘버-ER,BLOCK_TEXT,virtual_block
설 계,-15667159.225461444,3333412.6960893692,FTEXT,BLOCK_TEXT,virtual_block
FH(L):40.99,-15807611.375579737,3333547.0639077667,블럭체인계획고,BLOCK_TEXT,virtual_block
40.989,-15807611.375599764,3333547.06396606,블록계획고점,BLOCK_TEXT,virtual_block
전기실/발전기실,-15876559.311310604,3333742.6573742633,RGB255,BLOCK_TEXT,virtual_block
X27,-15746318.33314439,3333800.300017946,열넘버-ER,BLOCK_TEXT,virtual_block
(주)대웅엔지니어링그룹건축사사무소,-15659474.44285275,3334561.461894406,FTEXT,BLOCK_TEXT,virtual_block
NO.0,-15726473.296824625,3334877.4284970304,도로체인번호,BLOCK_TEXT,virtual_block
X28,-15741403.125008292,3335251.9447791055,열넘버-ER,BLOCK_TEXT,virtual_block
H-5,-15836221.074552111,3335326.3221927607,#시추위치_탄성파탐사,BLOCK_TEXT,virtual_block
40.358,-15974988.253530405,3335402.2289664987,블록계획고점,BLOCK_TEXT,virtual_block
+41.00,-15757264.827229774,3335430.5339198555,LEVEL,BLOCK_TEXT,virtual_block
40.989,-15808177.747568034,3335465.201053882,블록계획고점,BLOCK_TEXT,virtual_block
D1,-15896420.952554064,3336317.5145991985,계산용단면,BLOCK_TEXT,virtual_block
405,-15817695.384106772,3336689.888514353,$$_PILE,BLOCK_TEXT,virtual_block
FH:41.17,-15725982.268994331,3336760.986780369,도로체인계획고,BLOCK_TEXT,virtual_block
39.989,-15808744.119518183,3337383.338083053,블록계획고점,BLOCK_TEXT,virtual_block
A5,-15993154.357124433,3337441.3383263713,열넘버-ER,BLOCK_TEXT,virtual_block
H-31,-15872826.212170543,3337927.8956023757,#시추위치_탄성파탐사,BLOCK_TEXT,virtual_block
FH(L):41.05,-15788415.396212481,3339161.0696945433,블럭체인계획고,BLOCK_TEXT,virtual_block
41.050,-15788415.396216296,3339161.0697044376,블록계획고점,BLOCK_TEXT,virtual_block
DRAWING OFFICE NAME,-15659364.388504982,3339287.6960893087,FTEXT,BLOCK_TEXT,virtual_block
설계사무소명,-15659364.388504982,3340787.696089308,FTEXT,BLOCK_TEXT,virtual_block
41.396,-15976645.55138769,3341015.0146715883,블록계획고점,BLOCK_TEXT,virtual_block
41.050,-15788981.768171214,3341079.2067437414,블록계획고점,BLOCK_TEXT,virtual_block
+48.70,-16010116.35012478,3341564.377277176,LEVEL,BLOCK_TEXT,virtual_block
EL+31.54m,-15908237.826133696,3341915.5074968617,T-text,BLOCK_TEXT,virtual_block
S=1:1.5,-15912424.06862859,3341936.7973325225,터파기,BLOCK_TEXT,virtual_block
A6,-15993154.357124437,3342328.2948470605,열넘버-ER,BLOCK_TEXT,virtual_block
40.050,-15789548.140121363,3342997.343772793,블록계획고점,BLOCK_TEXT,virtual_block
1.6m 치환,-15819160.853414023,3343304.00072013,Defpoint,BLOCK_TEXT,virtual_block
FH(R):46.67,-15998243.340351962,3343535.239166284,블럭체인계획고,BLOCK_TEXT,virtual_block
46.667,-15998243.374220751,3343535.353958154,블록계획고점,BLOCK_TEXT,virtual_block
372,-15770755.935681263,3344151.188714087,$$_PILE,BLOCK_TEXT,virtual_block
601동,-15905854.71487371,3344475.985347717,RGB255,BLOCK_TEXT,virtual_block
EL+33.54m,-15828136.723167812,3344481.314512545,T-text,BLOCK_TEXT,virtual_block
EL(+)35.44,-15790195.182641849,3344527.664194774,터파기,BLOCK_TEXT,virtual_block
대 리 : 우기범 070-4742-2715,-15668873.235333577,3344685.1935041356,FTEXT,BLOCK_TEXT,virtual_block
41.111,-15769219.416814707,3344775.075373912,블록계획고점,BLOCK_TEXT,virtual_block
FH(L):41.11,-15769219.416817568,3344775.0753894094,블럭체인계획고,BLOCK_TEXT,virtual_block
EL+35.44m,-15796505.271920398,3345378.5245487425,T-text,BLOCK_TEXT,virtual_block
41.433,-15978302.849245928,3346627.800376678,블록계획고점,BLOCK_TEXT,virtual_block
NO. 20,-15957451.527301691,3346635.6424075607,블럭체인계획고,BLOCK_TEXT,virtual_block
41.111,-15769785.788760088,3346693.2123879436,블록계획고점,BLOCK_TEXT,virtual_block
FH:41.43,-15978714.061258528,3346787.093247352,블럭체인계획고,BLOCK_TEXT,virtual_block
FH:40.51,-15956339.430406913,3346974.256422708,블럭체인계획고,BLOCK_TEXT,virtual_block
열교환실,-15827159.861907829,3347041.7923634,RGB255,BLOCK_TEXT,virtual_block
H-27,-15942823.099882368,3347113.317700795,#시추위치_탄성파탐사,BLOCK_TEXT,virtual_block
과 장 : 김찬우 070-4633-4355,-15668873.235333577,3347185.1935041347,FTEXT,BLOCK_TEXT,virtual_block
근생PIT,-15794875.7272365,3347939.002399598,RGB255,BLOCK_TEXT,virtual_block
FH:41.15,-15705608.16728725,3348500.4624933098,도로체인계획고,BLOCK_TEXT,virtual_block
40.111,-15770352.160711192,3348611.3494171146,블록계획고점,BLOCK_TEXT,virtual_block
H-32,-15801910.26875138,3349264.6256685937,#시추위치_탄성파탐사,BLOCK_TEXT,virtual_block
실 장 : 송봉건 02-6238-2714,-15668873.235333577,3349685.1935041337,FTEXT,BLOCK_TEXT,virtual_block
NO.0,-15706076.935191713,3350103.3213895727,도로체인번호,BLOCK_TEXT,virtual_block
FH(L):41.17,-15750023.437429331,3350389.0811115745,블럭체인계획고,BLOCK_TEXT,virtual_block
41.172,-15750023.437447451,3350389.08116653,블록계획고점,BLOCK_TEXT,virtual_block
FH(L):41.19,-15744589.022072993,3351978.3356591277,블럭체인계획고,BLOCK_TEXT,virtual_block
41.190,-15744597.098738573,3352005.651092315,블록계획고점,BLOCK_TEXT,virtual_block
41.172,-15750589.80918207,3352307.2174629215,블록계획고점,BLOCK_TEXT,virtual_block
FH(L):41.20,-15742669.424204357,3352539.7362117087,블럭체인계획고,BLOCK_TEXT,virtual_block
FH(L):41.20,-15740749.858458795,3353101.2075994937,블럭체인계획고,BLOCK_TEXT,virtual_block
FH(L):41.20,-15740749.858468913,3353101.207633758,블럭체인계획고,BLOCK_TEXT,virtual_block
(대표번호 : 02-6238-0701),-15668873.235333577,3353185.1935041323,FTEXT,BLOCK_TEXT,virtual_block
H-28,-15971043.683027547,3353431.126750581,#시추위치_탄성파탐사,BLOCK_TEXT,virtual_block
365,-15773225.790225687,3353527.852940669,$$_PILE,BLOCK_TEXT,virtual_block
NO. 19,-15938685.660422228,3353706.314064527,블럭체인계획고,BLOCK_TEXT,virtual_block
A7,-15993154.357124435,3353812.7513692393,열넘버-ER,BLOCK_TEXT,virtual_block
EL+35.04m,-15962910.954232214,3353831.3477208796,T-text,BLOCK_TEXT,virtual_block
41.190,-15745163.470456026,3353923.7873335127,블록계획고점,BLOCK_TEXT,virtual_block
FH:40.36,-15937573.56352745,3354044.928079674,블럭체인계획고,BLOCK_TEXT,virtual_block
40.172,-15751156.180900477,3354225.353704119,블록계획고점,BLOCK_TEXT,virtual_block
D,-15834910.209984848,3355105.188285868,계산용단면,BLOCK_TEXT,virtual_block
40.190,-15745729.842174433,3355841.923574591,블록계획고점,BLOCK_TEXT,virtual_block
책임설계자,-15668598.813887436,3355885.5984102082,FTEXT,BLOCK_TEXT,virtual_block
H-2,-15899249.554867933,3356134.9134265995,#시추위치_탄성파탐사,BLOCK_TEXT,virtual_block
614동,-15960527.842972232,3356391.825571735,RGB255,BLOCK_TEXT,virtual_block
46.396,-15997973.109136485,3356745.085435057,블록계획고점,BLOCK_TEXT,virtual_block
완충녹지,-15996016.437040363,3357087.0600893176,_CT_택지현황,BLOCK_TEXT,virtual_block
H-9,-15777198.281521091,3357613.027541614,#시추위치_탄성파탐사,BLOCK_TEXT,virtual_block
EL+31.54m,-15850695.701955443,3357855.9346780484,T-text,BLOCK_TEXT,virtual_block
A8,-15993154.357124437,3358673.2948474917,열넘버-ER,BLOCK_TEXT,virtual_block
NO. 18,-15919447.732428454,3359178.2520591263,블럭체인계획고,BLOCK_TEXT,virtual_block
FH:40.39,-15918335.635533676,3359516.8660742734,블럭체인계획고,BLOCK_TEXT,virtual_block
이 찬 식,-15652945.910244,3360162.6960893567,FTEXT,BLOCK_TEXT,virtual_block
603동,-15848312.59069546,3360416.4125289037,RGB255,BLOCK_TEXT,virtual_block
067,-15973554.523461094,3362135.2170602735,$$_PILE,BLOCK_TEXT,virtual_block
345,-15745419.926904274,3362197.963570616,$$_PILE,BLOCK_TEXT,virtual_block
P.C Strand Ø12.7mm,-16011259.583638262,3362296.43120785,-$$TEXT,BLOCK_TEXT,virtual_block
ARCHITECT NAME,-15659364.388504868,3362787.6960893553,FTEXT,BLOCK_TEXT,virtual_block
건축사명,-15659364.388504868,3364287.696089355,FTEXT,BLOCK_TEXT,virtual_block
제거식 E/ANCHOR,-16011860.429417126,3364374.604004567,-$$TEXT,BLOCK_TEXT,virtual_block
NO. 17,-15900271.897993945,3364860.4828753714,블럭체인계획고,BLOCK_TEXT,virtual_block
066,-15979104.548462307,3365027.726233661,$$_PILE,BLOCK_TEXT,virtual_block
FH:40.33,-15899159.801098213,3365199.0968905184,블럭체인계획고,BLOCK_TEXT,virtual_block
H-11,-15751727.486904604,3365213.987456509,#시추위치_탄성파탐사,BLOCK_TEXT,virtual_block
F,-15800675.182246793,3365434.5710727014,계산용단면,BLOCK_TEXT,virtual_block
S=1:1.5,-15899149.413531799,3365615.836503902,터파기,BLOCK_TEXT,virtual_block
FH(L):41.20,-15744434.704331674,3365700.8071365682,블럭체인계획고,BLOCK_TEXT,virtual_block
A9,-15993154.357124437,3365873.294847976,열넘버-ER,BLOCK_TEXT,virtual_block
+52.40,-16033636.327043729,3365975.511447978,LEVEL,BLOCK_TEXT,virtual_block
DESIGN,-15668420.17994508,3366897.0873628478,FTEXT,BLOCK_TEXT,virtual_block
Y1,-15730955.068646792,3367589.5920623476,열넘버-ER,BLOCK_TEXT,virtual_block
F1,-15788953.317893865,3368127.2293947632,계산용단면,BLOCK_TEXT,virtual_block
EL+31.34m,-15767228.81640144,3369218.6966273165,T-text,BLOCK_TEXT,virtual_block
H-34,-15921484.813310796,3369311.206494988,#시추위치_탄성파탐사,BLOCK_TEXT,virtual_block
A10,-15993644.791907042,3369868.947021454,열넘버-ER,BLOCK_TEXT,virtual_block
설 계,-15667409.225461384,3370397.087362875,FTEXT,BLOCK_TEXT,virtual_block
A,-15997842.148792697,3370469.1730262744,계산용단면,BLOCK_TEXT,virtual_block
A,-15959547.953500314,3370469.1730692177,계산용단면,BLOCK_TEXT,virtual_block
NO. 16,-15881096.182408236,3370543.1162005905,블럭체인계획고,BLOCK_TEXT,virtual_block
FH:40.38,-15879984.085514411,3370881.7302157376,블럭체인계획고,BLOCK_TEXT,virtual_block
605동,-15764845.705141457,3371779.174478172,RGB255,BLOCK_TEXT,virtual_block
Y2,-15732719.080961794,3373621.2823849926,열넘버-ER,BLOCK_TEXT,virtual_block
+47.40,-16009463.484295493,3374227.377277295,LEVEL,BLOCK_TEXT,virtual_block
G,-15766058.61394989,3375389.8274423005,계산용단면,BLOCK_TEXT,virtual_block
NO. 15+2.55,-15864368.85326948,3375500.181647802,블럭체인계획고,BLOCK_TEXT,virtual_block
NO. 15,-15861920.466814898,3376225.749495173,블럭체인계획고,BLOCK_TEXT,virtual_block
H-6,-15842302.853573928,3376260.9963071793,#시추위치_탄성파탐사,BLOCK_TEXT,virtual_block
DRAWING OFFICE NAME,-15659364.388504868,3376287.6960893488,FTEXT,BLOCK_TEXT,virtual_block
FH:40.38,-15860808.369919166,3376564.36351032,블럭체인계획고,BLOCK_TEXT,virtual_block
A11,-15993644.791907042,3376855.3600655016,열넘버-ER,BLOCK_TEXT,virtual_block
설계사무소명,-15659364.388504868,3377787.6960893483,FTEXT,BLOCK_TEXT,virtual_block
EL+35.09m,-15930107.99317625,3380147.4497502516,T-text,BLOCK_TEXT,virtual_block
Y3,-15734631.650353853,3380160.934175024,열넘버-ER,BLOCK_TEXT,virtual_block
FH:40.87,-15717421.389138406,3381563.8113658056,도로체인계획고,BLOCK_TEXT,virtual_block
A12,-15993644.79190704,3381755.3600644567,열넘버-ER,BLOCK_TEXT,virtual_block
NO. 14,-15842744.751219653,3381908.382786179,블럭체인계획고,BLOCK_TEXT,virtual_block
NO.0,-15715818.530239187,3382032.579272764,도로체인번호,BLOCK_TEXT,virtual_block
FH:40.44,-15841632.654324874,3382246.996801326,블럭체인계획고,BLOCK_TEXT,virtual_block
지하1층주차장,-15931792.816698877,3382707.927601107,RGB255,BLOCK_TEXT,virtual_block
0.735%%%,-15904118.057841396,3383684.1162779275,블럭-횡방향구배,BLOCK_TEXT,virtual_block
FH(L):41.20,-15750048.69123391,3384896.7220942704,블럭체인계획고,BLOCK_TEXT,virtual_block
Y4,-15736175.344194336,3385439.2891613166,열넘버-ER,BLOCK_TEXT,virtual_block
H-3,-15870076.190780837,3385629.2908614865,#시추위치_탄성파탐사,BLOCK_TEXT,virtual_block
NO. 13,-15823569.035613917,3387591.0160409454,블럭체인계획고,BLOCK_TEXT,virtual_block
FH:40.27,-15822456.938719139,3387929.6300560925,블럭체인계획고,BLOCK_TEXT,virtual_block
H-10,-15783206.35995548,3388293.6241818126,#시추위치_탄성파탐사,BLOCK_TEXT,virtual_block
H-25,-15940869.586616406,3390243.270046344,#시추위치_탄성파탐사,BLOCK_TEXT,virtual_block
Y5,-15737723.004438605,3390731.2064788267,열넘버-ER,BLOCK_TEXT,virtual_block
일 자,-15667464.931983123,3391662.6960893422,FTEXT,BLOCK_TEXT,virtual_block
설계,-15659353.518939648,3391662.6960893422,FTEXT,BLOCK_TEXT,virtual_block
검토,-15653853.518939653,3391662.6960893422,FTEXT,BLOCK_TEXT,virtual_block
심사,-15648353.518939655,3391662.6960893422,FTEXT,BLOCK_TEXT,virtual_block
승인,-15642853.518939657,3391662.6960893422,FTEXT,BLOCK_TEXT,virtual_block
H-7,-15818382.843625309,3391887.2009850144,#시추위치_탄성파탐사,BLOCK_TEXT,virtual_block
EL+31.54m,-15897483.800878769,3392435.7330931765,T-text,BLOCK_TEXT,virtual_block
NO. 12,-15804393.320029162,3393273.6493661646,블럭체인계획고,BLOCK_TEXT,virtual_block
EL+31.54m,-15850851.87008561,3393419.451384108,T-text,BLOCK_TEXT,virtual_block
FH:40.10,-15803281.223134384,3393612.2633813117,블럭체인계획고,BLOCK_TEXT,virtual_block
602동,-15895100.689618785,3394996.210944032,RGB255,BLOCK_TEXT,virtual_block
지하2층주차장,-15852536.693608237,3395979.9292349634,RGB255,BLOCK_TEXT,virtual_block
Y6,-15739263.18953728,3395997.5640182802,열넘버-ER,BLOCK_TEXT,virtual_block
DESCRIPTION OF REVISION,-15665038.726140734,3396662.6960893394,FTEXT,BLOCK_TEXT,virtual_block
EL+35.04m,-15962051.854558233,3397596.580090147,T-text,BLOCK_TEXT,virtual_block
Y7,-15740105.135016665,3398876.4296344775,열넘버-ER,BLOCK_TEXT,virtual_block
NO. 11,-15785217.604426287,3398956.282629991,블럭체인계획고,BLOCK_TEXT,virtual_block
설 계 변 경,-15660344.008070085,3399162.6960893385,FTEXT,BLOCK_TEXT,virtual_block
FH:39.96,-15784105.507530555,3399294.896645138,블럭체인계획고,BLOCK_TEXT,virtual_block
H-4,-15902226.296689562,3400072.7830280564,#시추위치_탄성파탐사,BLOCK_TEXT,virtual_block
613동,-15959668.74329825,3400157.0579410023,RGB255,BLOCK_TEXT,virtual_block
H-35,-15850288.785472665,3400505.8295281213,#시추위치_탄성파탐사,BLOCK_TEXT,virtual_block
EL+31.34m,-15808199.808115264,3401240.914703652,T-text,BLOCK_TEXT,virtual_block
H-26,-15973587.25067545,3401565.5085079153,#시추위치_탄성파탐사,BLOCK_TEXT,virtual_block
40.823,-15973676.837171458,3401586.0467226747,블록계획고점,BLOCK_TEXT,virtual_block
+46.60,-16008227.484295463,3402113.377277176,LEVEL,BLOCK_TEXT,virtual_block
C,-15776407.948409902,3403669.5660357745,계산용단면,BLOCK_TEXT,virtual_block
604동,-15805816.69685528,3403801.392554507,RGB255,BLOCK_TEXT,virtual_block
FH(L):41.20,-15755662.678138055,3404092.6370516745,블럭체인계획고,BLOCK_TEXT,virtual_block
NO. 10,-15766041.88882818,3404638.9159120563,블럭체인계획고,BLOCK_TEXT,virtual_block
FH:39.85,-15764929.791932449,3404977.5299272034,블럭체인계획고,BLOCK_TEXT,virtual_block
Y8,-15741994.394158771,3405336.376647047,열넘버-ER,BLOCK_TEXT,virtual_block
NO. 9+14.34,-15760613.242268465,3406247.6698206905,블럭체인계획고,BLOCK_TEXT,virtual_block
S=1:1.5,-15898363.158698024,3406781.575460675,터파기,BLOCK_TEXT,virtual_block
NO. 9+12.34,-15758695.670797251,3406815.933188105,블럭체인계획고,BLOCK_TEXT,virtual_block
NO. 9+10.34,-15756778.099246882,3407384.1965258364,블럭체인계획고,BLOCK_TEXT,virtual_block
097,-15979104.548462307,3408028.7324804147,$$_PILE,BLOCK_TEXT,virtual_block
41.868,-15975602.703554057,3408108.395888949,블록계획고점,BLOCK_TEXT,virtual_block
Y9,-15742836.492192127,3408215.763891305,열넘버-ER,BLOCK_TEXT,virtual_block
45.339,-15996750.654509448,3409105.1500047687,블록계획고점,BLOCK_TEXT,virtual_block
FH(R):45.35,-15996892.187328242,3409584.4803989176,블럭체인계획고,BLOCK_TEXT,virtual_block
45.346,-15996892.247021578,3409584.682652617,블록계획고점,BLOCK_TEXT,virtual_block
45.346,-15996892.247021578,3409584.682652617,블록계획고점,BLOCK_TEXT,virtual_block
FH:41.89,-15977362.908249026,3412836.3345013037,블럭체인계획고,BLOCK_TEXT,virtual_block
Y10,-15744671.960183427,3413404.8236697693,열넘버-ER,BLOCK_TEXT,virtual_block
0.851%%%,-15833506.08166828,3413689.9539900906,블럭-종방향구배,BLOCK_TEXT,virtual_block
C,-15739653.342602132,3414418.7215843135,계산용단면,BLOCK_TEXT,virtual_block
41.912,-15977528.569936655,3414630.7450554613,블록계획고점,BLOCK_TEXT,virtual_block
EL+32.44m,-15958210.708414678,3415540.660557413,T-text,BLOCK_TEXT,virtual_block
A1,-15998608.453140523,3416585.143942766,계산용단면,BLOCK_TEXT,virtual_block
A1,-15960314.25784814,3416585.143985709,계산용단면,BLOCK_TEXT,virtual_block
저수조/펌프실,-15959734.016991649,3418101.1384082683,RGB255,BLOCK_TEXT,virtual_block
Y11,-15746211.992728107,3418670.659581084,열넘버-ER,BLOCK_TEXT,virtual_block
H-20,-15874781.292559288,3419520.4361677114,#시추위치_탄성파탐사,BLOCK_TEXT,virtual_block
EL+35.04m,-15920750.05245504,3420621.217941361,T-text,BLOCK_TEXT,virtual_block
보행자도로,-15751169.314616848,3420694.3496875353,_CT_택지현황,BLOCK_TEXT,virtual_block
H-33,-15768202.438587302,3421709.0351117486,#시추위치_탄성파탐사,BLOCK_TEXT,virtual_block
NO.5,-15751926.336914703,3422232.032502817,도로체인번호,BLOCK_TEXT,virtual_block
P.C Strand Ø12.7mm,-15747037.418352213,3422240.8525154307,-$$TEXT,BLOCK_TEXT,virtual_block
612동,-15918366.941195054,3423181.6957922163,RGB255,BLOCK_TEXT,virtual_block
FH(L):41.20,-15761276.66494874,3423288.5520362584,블럭체인계획고,BLOCK_TEXT,virtual_block
Y12,-15747755.839122584,3423949.5361955124,열넘버-ER,BLOCK_TEXT,virtual_block
FH:41.23,-15751435.309083477,3424115.5907859914,도로체인계획고,BLOCK_TEXT,virtual_block
제거식 E/ANCHOR,-15747638.264131077,3424319.0253121476,-$$TEXT,BLOCK_TEXT,virtual_block
H-17,-15843554.836156769,3425358.425292312,#시추위치_탄성파탐사,BLOCK_TEXT,virtual_block
H-8,-15813652.996714372,3426196.1846462158,#시추위치_탄성파탐사,BLOCK_TEXT,virtual_block
H-36,-15955680.394140428,3427413.550758018,#시추위치_탄성파탐사,BLOCK_TEXT,virtual_block
FH:40.50,-15731181.46918737,3428190.5598886875,도로체인계획고,BLOCK_TEXT,virtual_block
NO.0,-15729443.658718191,3428621.0043835808,도로체인번호,BLOCK_TEXT,virtual_block
+40.55,-15734623.32873641,3429257.034585971,LEVEL,BLOCK_TEXT,virtual_block
H-24,-15928605.810422378,3431396.721386402,#시추위치_탄성파탐사,BLOCK_TEXT,virtual_block
EL+31.54m,-15885045.575630479,3431614.4717029664,T-text,BLOCK_TEXT,virtual_block
114,-15971696.237350123,3432859.8061148995,$$_PILE,BLOCK_TEXT,virtual_block
S=1:1.5,-15856963.857594311,3433220.2804990415,터파기,BLOCK_TEXT,virtual_block
S=1:1.5,-15959189.033138646,3433854.5090983966,터파기,BLOCK_TEXT,virtual_block
610동,-15882662.464370493,3434174.9495538217,RGB255,BLOCK_TEXT,virtual_block
Y13,-15750847.345761329,3434520.330127453,열넘버-ER,BLOCK_TEXT,virtual_block
연결녹지,-15766006.383268714,3435000.087097983,_CT_택지현황,BLOCK_TEXT,virtual_block
Y14,-15752387.37830601,3439786.166038775,열넘버-ER,BLOCK_TEXT,virtual_block
EL(+)35.44,-15959421.419080423,3440030.0098135746,터파기,BLOCK_TEXT,virtual_block
+45.30,-16000075.484295493,3440066.3772774143,LEVEL,BLOCK_TEXT,virtual_block
"""KCS 21 30 00 가설 흙막이 공사"" 시방서에 따라야 한다.",-15728668.898567764,3441089.520228891,Text,BLOCK_TEXT,virtual_block
B1,-15927665.081430696,3441715.816039949,계산용단면,BLOCK_TEXT,virtual_block
H-12,-15791388.301750036,3441913.8472418366,#시추위치_탄성파탐사,BLOCK_TEXT,virtual_block
H-21,-15893541.737419149,3442238.8301675757,#시추위치_탄성파탐사,BLOCK_TEXT,virtual_block
FH(L):41.20,-15766890.651886843,3442484.467020178,블럭체인계획고,BLOCK_TEXT,virtual_block
P.C Strand Ø12.7mm,-15998796.914776603,3443338.99404886,-$$TEXT,BLOCK_TEXT,virtual_block
13. 기타 설계도서 및 도면에 명기되지 않은 제반 사항에 대하여는,-15731754.287453992,3443459.6270516766,Text,BLOCK_TEXT,virtual_block
EL+31.54m,-15845037.874509374,3444168.956715857,T-text,BLOCK_TEXT,virtual_block
41.016,-15965472.373505495,3444425.1185597423,블록계획고점,BLOCK_TEXT,virtual_block
H-23,-15951751.193916507,3444428.3461213186,#시추위치_탄성파탐사,BLOCK_TEXT,virtual_block
44.170,-15986504.96887865,3445031.196877146,블록계획고점,BLOCK_TEXT,virtual_block
Y15,-15753935.03855028,3445078.0833562934,열넘버-ER,BLOCK_TEXT,virtual_block
제거식 E/ANCHOR,-15999397.760555467,3445417.166845577,-$$TEXT,BLOCK_TEXT,virtual_block
S=1:1.5,-15814648.703340612,3445595.659414351,터파기,BLOCK_TEXT,virtual_block
암반사면에 대한 안정성 검토를 실시하여 한다.,-15728668.898557575,3446092.609204884,Text,BLOCK_TEXT,virtual_block
608동,-15842654.763249388,3446729.4345667125,RGB255,BLOCK_TEXT,virtual_block
S.G.R (%%C600 @500),-15943210.853011252,3447375.679914432,-$$TEXT,BLOCK_TEXT,virtual_block
42.023,-15966561.557602786,3448113.8682334665,블록계획고점,BLOCK_TEXT,virtual_block
"기초분야)를 통해 암반의 절리상태, 강도, 풍화정도를 반영한 절취",-15728668.898557575,3448334.683715663,Text,BLOCK_TEXT,virtual_block
및 암석(절리면 전단)시험등을 실시하여 해당분야 전문가(토질 및,-15728668.898557575,3450576.7582264417,Text,BLOCK_TEXT,virtual_block
FH(R):44.17,-15988388.11934843,3451408.879589105,블럭체인계획고,BLOCK_TEXT,virtual_block
44.173,-15988388.149294756,3451408.9810943846,블록계획고점,BLOCK_TEXT,virtual_block
42.030,-15967650.741699122,3451802.6179070715,블록계획고점,BLOCK_TEXT,virtual_block
FH:42.03,-15968179.396322686,3452359.692554485,블럭체인계획고,BLOCK_TEXT,virtual_block
Y16,-15756107.6514763,3452506.9024463254,열넘버-ER,BLOCK_TEXT,virtual_block
12. 수급인은 굴착 공사중 암반출현부에 지표지질조사(Face Mapping),-15731754.287443804,3452946.865049227,Text,BLOCK_TEXT,virtual_block
41.011,-15947195.915537737,3453153.275821114,블록계획고점,BLOCK_TEXT,virtual_block
EL+35.04m,-15924021.001911908,3453442.6706103818,T-text,BLOCK_TEXT,virtual_block
10M 도로,-15745173.473656831,3453654.617660423,_CT_택지현황,BLOCK_TEXT,virtual_block
단독주택,-15701829.668649519,3454957.542658747,_CT_택지현황,BLOCK_TEXT,virtual_block
42.011,-15947762.304165743,3455071.469335938,블록계획고점,BLOCK_TEXT,virtual_block
주변 환경의 피해를 최소화 하도록 하여야 한다.,-15728668.898557575,3455374.279347684,Text,BLOCK_TEXT,virtual_block
131,-15956854.672138134,3455617.916482965,$$_PILE,BLOCK_TEXT,virtual_block
611동,-15921637.890651923,3456003.148461237,RGB255,BLOCK_TEXT,virtual_block
43.880,-15968989.074094675,3456335.160382891,블록계획고점,BLOCK_TEXT,virtual_block
EL+31.54m,-15801660.708652204,3456412.1592419003,T-text,BLOCK_TEXT,virtual_block
2H-300x300x10x15,-15900119.172614926,3456922.3808615305,-$$TEXT,BLOCK_TEXT,virtual_block
42.011,-15948328.692795657,3456989.662851358,블록계획고점,BLOCK_TEXT,virtual_block
H-22,-15916290.376081431,3457398.1795020527,#시추위치_탄성파탐사,BLOCK_TEXT,virtual_block
FH:42.01,-15948861.432235839,3457549.870677921,블럭체인계획고,BLOCK_TEXT,virtual_block
진동 및 소음에 대한 관리 규정에 따라 계측을 실시하여 민원발생과,-15728668.898557575,3457616.3538584625,Text,BLOCK_TEXT,virtual_block
H-16,-15842725.164724838,3457668.424819434,#시추위치_탄성파탐사,BLOCK_TEXT,virtual_block
Y17,-15757647.684020994,3457772.7383576897,열넘버-ER,BLOCK_TEXT,virtual_block
WALE,-15900132.824824775,3458795.6020243154,-$$TEXT,BLOCK_TEXT,virtual_block
40.850,-15928060.485587977,3458972.344876433,블록계획고점,BLOCK_TEXT,virtual_block
606동,-15799277.597392218,3458972.6370927556,RGB255,BLOCK_TEXT,virtual_block
"암반구성상태에 따라 적합한 발파계획을 수립하여 굴착하여야 하며,",-15728668.898557575,3459858.4283692413,Text,BLOCK_TEXT,virtual_block
B,-15870474.61851338,3459910.976941464,계산용단면,BLOCK_TEXT,virtual_block
41.850,-15928626.874216937,3460890.5383912567,블록계획고점,BLOCK_TEXT,virtual_block
FH(R):43.88,-15970482.477445506,3461392.8829863314,블럭체인계획고,BLOCK_TEXT,virtual_block
43.880,-15970482.591915987,3461393.27075305,블록계획고점,BLOCK_TEXT,virtual_block
43.530,-15949673.82165327,3461545.222971702,블록계획고점,BLOCK_TEXT,virtual_block
FH(L):41.20,-15772504.638790034,3461680.381977821,블럭체인계획고,BLOCK_TEXT,virtual_block
S=1:1.5,-15847745.445669308,3462031.2043228494,터파기,BLOCK_TEXT,virtual_block
"11. 암반 굴착시 주변환경, 인접구조물의 영향, 민원발생 및 당 현장의",-15731754.287443804,3462228.5351920268,Text,BLOCK_TEXT,virtual_block
41.850,-15929193.26284685,3462808.7319062,블록계획고점,BLOCK_TEXT,virtual_block
연평IC,-16025966.195897521,3463051.19177669,_CT_택지현황,BLOCK_TEXT,virtual_block
Y18,-15759195.344265273,3463064.655675244,열넘버-ER,BLOCK_TEXT,virtual_block
FH:41.85,-15929723.317317145,3463370.5474297293,블럭체인계획고,BLOCK_TEXT,virtual_block
40.880,-15908925.338415049,3464792.371610904,블록계획고점,BLOCK_TEXT,virtual_block
전 보강방안을 마련하여야 한다.,-15728621.414925177,3464859.158521565,Text,BLOCK_TEXT,virtual_block
H-19,-15886374.001323096,3465680.7413431657,#시추위치_탄성파탐사,BLOCK_TEXT,virtual_block
+44.70,-16015185.524104178,3466124.475991364,LEVEL,BLOCK_TEXT,virtual_block
43.530,-15951160.54303541,3466580.3157748226,블록계획고점,BLOCK_TEXT,virtual_block
FH(R):43.53,-15951160.652227305,3466580.6854882482,블럭체인계획고,BLOCK_TEXT,virtual_block
41.880,-15909491.727274798,3466710.5659051184,블록계획고점,BLOCK_TEXT,virtual_block
10. 협소공간에서의 포장 및 관로 시공 시 침하 우려가 있으므로 공사,-15731706.803811405,3467229.2653443506,Text,BLOCK_TEXT,virtual_block
43.140,-15930538.391719721,3467364.292077804,블록계획고점,BLOCK_TEXT,virtual_block
H-13,-15809217.10774974,3467441.425866602,#시추위치_탄성파탐사,BLOCK_TEXT,virtual_block
Y19,-15760739.190659761,3468343.532289705,열넘버-ER,BLOCK_TEXT,virtual_block
41.880,-15910058.116133593,3468628.7601993326,블록계획고점,BLOCK_TEXT,virtual_block
FH:41.88,-15910541.159054462,3469204.802248014,블럭체인계획고,BLOCK_TEXT,virtual_block
40.828,-15894634.345789827,3469469.421270231,블록계획고점,BLOCK_TEXT,virtual_block
"금지하여야 하며, 현장 반입시 감리자의 승인을 득하여야 한다.",-15728621.414925177,3469834.9907086766,Text,BLOCK_TEXT,virtual_block
EL+35.04m,-15869887.997003702,3469836.267883523,T-text,BLOCK_TEXT,virtual_block
X1,-15956023.53663184,3470029.9295578003,열넘버-ER,BLOCK_TEXT,virtual_block
40.820,-15889965.297085956,3470162.5471946057,블록계획고점,BLOCK_TEXT,virtual_block
FH:40.58,-15743418.765862467,3470465.5621688194,도로체인계획고,BLOCK_TEXT,virtual_block
NO.0,-15741818.243316256,3470942.246111648,도로체인번호,BLOCK_TEXT,virtual_block
41.828,-15895200.734649576,3471387.615566114,블록계획고점,BLOCK_TEXT,virtual_block
X2,-15950265.960575804,3471718.305020505,열넘버-ER,BLOCK_TEXT,virtual_block
하여 안정해석을 수행하였으므로 품질확인이 불명확한 제품사용을,-15728621.414925177,3472077.0652194554,Text,BLOCK_TEXT,virtual_block
41.820,-15890531.685942844,3472080.7414765414,블록계획고점,BLOCK_TEXT,virtual_block
609동,-15867504.885743717,3472396.745734378,RGB255,BLOCK_TEXT,virtual_block
FH(R):43.14,-15932025.107725047,3472399.3665850405,블럭체인계획고,BLOCK_TEXT,virtual_block
43.140,-15932025.113101862,3472399.3848808054,블록계획고점,BLOCK_TEXT,virtual_block
42.740,-15911403.24496355,3473184.320221925,블록계획고점,BLOCK_TEXT,virtual_block
41.828,-15895767.123509325,3473305.8098617587,블록계획고점,BLOCK_TEXT,virtual_block
Y20,-15762284.257486178,3473626.5819291538,열넘버-ER,BLOCK_TEXT,virtual_block
X3,-15943551.135402882,3473696.2610552018,열넘버-ER,BLOCK_TEXT,virtual_block
41.820,-15891098.074798778,3473998.935758358,블록계획고점,BLOCK_TEXT,virtual_block
FH:41.83,-15893896.185217086,3474267.302304618,블럭체인계획고,BLOCK_TEXT,virtual_block
9. 사업지구에 적용된 사용부재는 고재(고재감소율 0.9 적용)를 사용,-15730678.628554553,3474447.172042241,Text,BLOCK_TEXT,virtual_block
S=1:1.5,-15803510.699913941,3474967.9819240393,터파기,BLOCK_TEXT,virtual_block
FH:41.82,-15891452.97255841,3475010.3922951594,블럭체인계획고,BLOCK_TEXT,virtual_block
X4,-15938272.108994815,3475239.5850221333,열넘버-ER,BLOCK_TEXT,virtual_block
1.8m 치환,-15869878.797296701,3475348.3313730075,Defpoint,BLOCK_TEXT,virtual_block
40.884,-15870654.822196864,3476431.673662925,블록계획고점,BLOCK_TEXT,virtual_block
X5,-15932996.977453165,3476796.492037478,열넘버-ER,BLOCK_TEXT,virtual_block
(유관부서)의 사전 동의를 득한 후 시공하여야 한다.,-15728621.414914988,3477077.7953717792,Text,BLOCK_TEXT,virtual_block
X6,-15929898.040877474,3477689.209232642,열넘버-ER,BLOCK_TEXT,virtual_block
+43.70,-15969543.008295685,3477912.0849634963,LEVEL,BLOCK_TEXT,virtual_block
H-18,-15852793.68106437,3477936.5427963673,#시추위치_탄성파탐사,BLOCK_TEXT,virtual_block
42.400,-15896924.074159846,3478087.143378673,블록계획고점,BLOCK_TEXT,virtual_block
FH(R):42.74,-15912889.919706248,3478219.2549869064,블럭체인계획고,BLOCK_TEXT,virtual_block
42.740,-15912889.966344737,3478219.413025046,블록계획고점,BLOCK_TEXT,virtual_block
41.884,-15871221.210875414,3478349.867342973,블록계획고점,BLOCK_TEXT,virtual_block
B1,-15938414.236897547,3478470.4218716095,계산용단면,BLOCK_TEXT,virtual_block
Y21,-15763823.069598945,3478888.244815522,열넘버-ER,BLOCK_TEXT,virtual_block
42.340,-15892268.09819784,3479004.348339105,블록계획고점,BLOCK_TEXT,virtual_block
P.C Strand Ø12.7mm,-15949101.179543898,3479086.6613965123,-$$TEXT,BLOCK_TEXT,virtual_block
X7,-15924619.014460156,3479232.5332022724,열넘버-ER,BLOCK_TEXT,virtual_block
8. 수급인은 앵커 시공전 지구경계를 넘어 설치되는 경우 토지소유주,-15730631.144922154,3479447.9021945647,Text,BLOCK_TEXT,virtual_block
C1,-15799406.188969603,3479577.5072836853,계산용단면,BLOCK_TEXT,virtual_block
41.884,-15871787.599553011,3480268.061023021,블록계획고점,BLOCK_TEXT,virtual_block
FH:41.89,-15872317.784543667,3480830.2807106264,블럭체인계획고,BLOCK_TEXT,virtual_block
FH(L):41.20,-15778118.62569227,3480876.296935344,블럭체인계획고,BLOCK_TEXT,virtual_block
제거식 E/ANCHOR,-15949702.025322761,3481164.834193229,-$$TEXT,BLOCK_TEXT,virtual_block
X8,-15917900.59402654,3481197.951038255,열넘버-ER,BLOCK_TEXT,virtual_block
"하였으며, 최종 굴착레벨은 반드시 건축구조도면을 확인하여야한다.",-15728621.414914988,3482010.8768975344,Text,BLOCK_TEXT,virtual_block
완충녹지,-15888171.25414981,3482018.9399549654,_CT_택지현황,BLOCK_TEXT,virtual_block
40.512,-15851519.633907221,3482251.5611484293,블록계획고점,BLOCK_TEXT,virtual_block
X9,-15913629.502947422,3482447.063121117,열넘버-ER,BLOCK_TEXT,virtual_block
196,-15864234.382448774,3482705.403222265,$$_PILE,BLOCK_TEXT,virtual_block
42.400,-15899007.48168315,3483420.398993181,블록계획고점,BLOCK_TEXT,virtual_block
FH(R):42.34,-15893754.731715105,3484039.143480802,블럭체인계획고,BLOCK_TEXT,virtual_block
42.340,-15893754.819579981,3484039.4411421064,블록계획고점,BLOCK_TEXT,virtual_block
EL+35.04m,-15820922.275988262,3484119.6030323063,T-text,BLOCK_TEXT,virtual_block
41.511,-15852086.022733591,3484169.7553285602,블록계획고점,BLOCK_TEXT,virtual_block
7. 굴착깊이는 기초두께 및 버림콘크리트 두께를 고려하여 산정,-15730631.144911965,3484410.0636808635,Text,BLOCK_TEXT,virtual_block
X10,-15906421.374710355,3484553.2963312375,열넘버-ER,BLOCK_TEXT,virtual_block
41.511,-15852652.411559008,3486087.9495089296,블록계획고점,BLOCK_TEXT,virtual_block
FH:41.51,-15853182.565258209,3486650.1010906883,블럭체인계획고,BLOCK_TEXT,virtual_block
607동,-15818539.164728278,3486680.0808831616,RGB255,BLOCK_TEXT,virtual_block
Y22,-15766126.024655305,3486762.742974543,열넘버-ER,BLOCK_TEXT,virtual_block
매설물을 확인한 후 시공하여 안전시공에 만전을 기하여야 한다.,-15728433.807052037,3487070.2682204535,Text,BLOCK_TEXT,virtual_block
주기,-15668864.388504863,3487162.696089296,FTEXT,BLOCK_TEXT,virtual_block
NOTE,-15654864.38850487,3487162.696089296,FTEXT,BLOCK_TEXT,virtual_block
H-15,-15826587.838532684,3487397.9675480826,#시추위치_탄성파탐사,BLOCK_TEXT,virtual_block
40.150,-15832384.445877932,3488071.449515367,블록계획고점,BLOCK_TEXT,virtual_block
X11,-15889988.847333642,3489344.954247679,열넘버-ER,BLOCK_TEXT,virtual_block
"재조사를 실시하여야 하며, H-PILE(C.I.P)의 위치는 줄파기를 실시하여",-15728433.807047533,3489469.4549994213,Text,BLOCK_TEXT,virtual_block
FH(R):41.94,-15874619.543696307,3489859.0318825487,블럭체인계획고,BLOCK_TEXT,virtual_block
41.944,-15874619.543726824,3489859.0320755485,블록계획고점,BLOCK_TEXT,virtual_block
41.150,-15832950.834704302,3489989.643695617,블록계획고점,BLOCK_TEXT,virtual_block
건설공사,-15658712.892615406,3490037.6960892947,form,BLOCK_TEXT,virtual_block
C1,-15762651.583161833,3490326.6628322243,계산용단면,BLOCK_TEXT,virtual_block
1.8m 치환,-15816194.105383096,3491047.7927115276,Defpoint,BLOCK_TEXT,virtual_block
+42.80,-15920621.96341923,3491270.1893770383,LEVEL,BLOCK_TEXT,virtual_block
X12,-15883113.788883451,3491355.615790929,열넘버-ER,BLOCK_TEXT,virtual_block
"매설물의 이격거리, 종류와 깊이 등을 관련기관과 협의 후 정밀한",-15728433.807043035,3491868.641778391,Text,BLOCK_TEXT,virtual_block
41.150,-15833517.223529719,3491907.8378758673,블록계획고점,BLOCK_TEXT,virtual_block
FH:41.15,-15834047.409320537,3492470.060357703,블럭체인계획고,BLOCK_TEXT,virtual_block
X13,-15877838.65734183,3492912.5228062556,열넘버-ER,BLOCK_TEXT,virtual_block
H-14,-15788510.308069091,3493247.7384217447,#시추위치_탄성파탐사,BLOCK_TEXT,virtual_block
A-6BL 공동주택,-15662934.360006709,3493537.696089293,form,BLOCK_TEXT,virtual_block
39.829,-15813249.257856272,3493891.337905312,블록계획고점,BLOCK_TEXT,virtual_block
"사고가 발생되고 있으므로 시공자는지하매설물의 현황, 현장과",-15728433.807038536,3494267.8285573567,Text,BLOCK_TEXT,virtual_block
X14,-15872556.035654608,3494443.308579882,열넘버-ER,BLOCK_TEXT,virtual_block
FH(R):41.54,-15855484.355677508,3495678.9202842955,블럭체인계획고,BLOCK_TEXT,virtual_block
41.544,-15855484.355709933,3495678.920483852,블록계획고점,BLOCK_TEXT,virtual_block
40.829,-15813815.646682642,3495809.532085562,블록계획고점,BLOCK_TEXT,virtual_block
+41.00,-15752937.561285885,3495826.05919618,LEVEL,BLOCK_TEXT,virtual_block
X15,-15867280.904113078,3496000.2155951825,열넘버-ER,BLOCK_TEXT,virtual_block
B,-15881223.77398023,3496665.5827731243,계산용단면,BLOCK_TEXT,virtual_block
6. 굴토 공사시 지하매설물 조사 미비 또는 오류 등에 의한 크고 작은,-15730443.537035512,3496667.0153406886,Text,BLOCK_TEXT,virtual_block
'25 남양주왕숙,-15662448.626311056,3497037.6960892915,form,BLOCK_TEXT,virtual_block
X16,-15862002.02749853,3497544.061989701,열넘버-ER,BLOCK_TEXT,virtual_block
40.829,-15814382.035508059,3497727.7262658123,블록계획고점,BLOCK_TEXT,virtual_block
FH:40.83,-15814912.189229012,3498289.8779220823,블럭체인계획고,BLOCK_TEXT,virtual_block
X17,-15859301.256364565,3498319.7665293994,열넘버-ER,BLOCK_TEXT,virtual_block
적절한 보강대책을 강구하여야 한다.,-15728433.807029532,3499067.689383954,Text,BLOCK_TEXT,virtual_block
28M 도로,-15900035.036799684,3499319.7028993117,_CT_택지현황,BLOCK_TEXT,virtual_block
39.559,-15794114.069862269,3499711.226391459,블록계획고점,BLOCK_TEXT,virtual_block
FH(L):41.20,-15783732.612502001,3500072.2119198088,블럭체인계획고,BLOCK_TEXT,virtual_block
X18,-15852586.431200787,3500297.722561414,열넘버-ER,BLOCK_TEXT,virtual_block
설계명,-15668864.388504863,3500662.6960892896,FTEXT,BLOCK_TEXT,virtual_block
PROJECT TITLE,-15654864.38850487,3500662.6960892896,FTEXT,BLOCK_TEXT,virtual_block
39.493,-15788696.89558687,3501358.833589459,블록계획고점,BLOCK_TEXT,virtual_block
5. 인접구조물 및 지하매설물에 특이사항 발생시 감리자와 협의하여,-15730443.53702651,3501466.876167288,Text,BLOCK_TEXT,virtual_block
FH(R):41.16,-15836349.167658709,3501498.8086861614,블럭체인계획고,BLOCK_TEXT,virtual_block
41.156,-15836349.167685412,3501498.8088650946,블록계획고점,BLOCK_TEXT,virtual_block
40.559,-15794680.45868864,3501629.420571709,블록계획고점,BLOCK_TEXT,virtual_block
X19,-15845867.86096424,3502262.6179725747,열넘버-ER,BLOCK_TEXT,virtual_block
40.493,-15789263.284412287,3503277.02776959,블록계획고점,BLOCK_TEXT,virtual_block
40.558,-15795246.847514056,3503547.61475184,블록계획고점,BLOCK_TEXT,virtual_block
"따르므로 고이는 물을 TRENCH에 집수, 즉시 배수하여야 한다.",-15728433.807020854,3503694.528999764,Text,BLOCK_TEXT,virtual_block
FH:40.56,-15795777.00121405,3504109.766337389,블럭체인계획고,BLOCK_TEXT,virtual_block
248,-15787170.626679966,3504384.266968516,$$_PILE,BLOCK_TEXT,virtual_block
X20,-15838190.69340304,3504512.392126819,열넘버-ER,BLOCK_TEXT,virtual_block
40.493,-15789829.673238657,3505195.22194984,블록계획고점,BLOCK_TEXT,virtual_block
+41.70,-15874078.091290172,3505268.346408334,LEVEL,BLOCK_TEXT,virtual_block
FH:40.49,-15790359.859289927,3505757.4452293385,블럭체인계획고,BLOCK_TEXT,virtual_block
저하와 공사시 DRY WORK가 되지 않아 집토 및 상차에 어려움이,-15728433.807016354,3506093.715778732,Text,BLOCK_TEXT,virtual_block
X21,-15832014.263246821,3506300.048892085,열넘버-ER,BLOCK_TEXT,virtual_block
FH:40.47,-15788446.34055849,3506339.434049583,블럭체인계획고,BLOCK_TEXT,virtual_block
FH:40.45,-15786532.821762448,3506921.4228894776,블럭체인계획고,BLOCK_TEXT,virtual_block
FH(R):40.81,-15817213.97963991,3507318.6970880274,블럭체인계획고,BLOCK_TEXT,virtual_block
40.811,-15817213.97966852,3507318.697273517,블록계획고점,BLOCK_TEXT,virtual_block
X22,-15825296.891442738,3508269.1236992325,열넘버-ER,BLOCK_TEXT,virtual_block
4. 터파기시 지하수위선 아래는 유로를 따라 물이 고이게 되어 강도,-15730443.537013331,3508492.902562063,Text,BLOCK_TEXT,virtual_block
FH:40.71,-15754888.943337891,3509681.318288931,도로체인계획고,BLOCK_TEXT,virtual_block
X23,-15820021.759900957,3509826.0307146143,열넘버-ER,BLOCK_TEXT,virtual_block
NO.0,-15753287.30429276,3510154.2372774053,도로체인번호,BLOCK_TEXT,virtual_block
"정도를 확인한 후 차수보강 여부를 감리자와 협의, 시공한다.",-15728433.807007512,3510807.067319437,Text,BLOCK_TEXT,virtual_block
+52.80,-16031626.52456259,3511013.1624558335,LEVEL,BLOCK_TEXT,virtual_block
X24,-15814739.138213798,3511356.8164882106,열넘버-ER,BLOCK_TEXT,virtual_block
H-300x300x10x15,-15787359.15050044,3512790.137304215,-$$TEXT,BLOCK_TEXT,virtual_block
X25,-15809464.00667178,3512913.7235036613,열넘버-ER,BLOCK_TEXT,virtual_block
"A3=1/1,000",-15828501.43770132,3512958.864450641,0.토목 타이틀,TEXT,modelspace
FH(R):40.52,-15798078.791621111,3513138.5854898933,블럭체인계획고,BLOCK_TEXT,virtual_block
40.520,-15798078.791660212,3513138.585709119,블록계획고점,BLOCK_TEXT,virtual_block
"3. 시험굴착을 선행, 유입수량을 파악하고 토류벽에 발생하는 누수",-15730443.537004491,3513206.2541027702,Text,BLOCK_TEXT,virtual_block
+44.60,-16010288.484295495,3513374.377277295,LEVEL,BLOCK_TEXT,virtual_block
X26,-15806267.886821833,3513848.4523232672,열넘버-ER,BLOCK_TEXT,virtual_block
40.445,-15792661.619776629,3514786.201010013,블록계획고점,BLOCK_TEXT,virtual_block
엄지말뚝@1.5m,-15787697.412370786,3514868.310100932,-$$TEXT,BLOCK_TEXT,virtual_block
변동이 발생하면 이에 따른 토목설계도 변경하여야 한다.,-15728433.806998838,3515433.9069352476,Text,BLOCK_TEXT,virtual_block
X27,-15799545.571512593,3515800.287113543,열넘버-ER,BLOCK_TEXT,virtual_block
NO. 9+9.90,-15788413.678909205,3516078.1898782495,블럭체인계획고,BLOCK_TEXT,virtual_block
FH:40.39,-15787131.21052283,3516497.3799123596,블럭체인계획고,BLOCK_TEXT,virtual_block
C.I.P (Ø500 @500),-15787697.412370786,3516903.0960218054,-$$TEXT,BLOCK_TEXT,virtual_block
X28,-15794630.363376494,3517251.9318747036,열넘버-ER,BLOCK_TEXT,virtual_block
"2. 본 설계는 건축설계를 기준으로 설계되었으므로, 건축 설계의",-15730443.536995815,3517833.093718581,Text,BLOCK_TEXT,virtual_block
+40.70,-15824900.81423324,3517855.686548077,LEVEL,BLOCK_TEXT,virtual_block
굴착계획 평면도,-15882611.44003554,3519208.391582296,0.토목 타이틀,TEXT,modelspace
토류구조물 시공시 건축구조물과의 간섭을 고려하여 시공한다.,-15728353.24527894,3520370.2717106836,Text,BLOCK_TEXT,virtual_block
완충녹지,-15759739.5739863,3521594.9392223395,_CT_택지현황,BLOCK_TEXT,virtual_block
"1. 본 설계는 건축구조물과 합벽 및 비합벽이 혼용하여 설계되었으므로,",-15730418.359841276,3522833.380035369,Text,BLOCK_TEXT,virtual_block
N O T E,-15722277.423372192,3526849.837290498,Text,BLOCK_TEXT,virtual_block
446.96m2,-15866625.35586036,3540393.996320175,블록계획고점,TEXT,modelspace
446.96m2,-15865954.21667303,3543368.313076823,블록계획고점,TEXT,modelspace
294.85m2,-15823258.49840231,3551889.276599875,블록계획고점,TEXT,modelspace
294.85m2,-15822587.35921497,3554863.593356523,블록계획고점,TEXT,modelspace
552.73m2,-16031444.55733377,3669921.276681312,블록계획고점,TEXT,modelspace
552.73m2,-16031444.55733377,3673450.111276907,블록계획고점,TEXT,modelspace
잡석콘크리트치환 T=1.8m(1층당 잡석0.4+,-15866396.92377368,3750668.018201744,블록계획고점,TEXT,modelspace
589.41m2,-15865725.78458635,3753642.334958392,블록계획고점,TEXT,modelspace
800.75m2,-15814207.0417259,3771583.962032361,블록계획고점,TEXT,modelspace
800.75m2,-15813535.90253857,3774558.278789008,블록계획고점,TEXT,modelspace
